name,reviews,rating,fulladdr,latitude,longitude,categories
Bar L' Incontro 2,27,4,Corso Giuseppe Mazzini. 63. 26900 Lodi LO,45.3064055,9.5082429,Bar Magna
Briciole E Delizie,27,2.9,Via Walter Tobagi. 8. 26900 Lodi LO,45.2999488,9.499588,Organic shop.Dessert shop Magna
Winny Bar Snc,27,4,Viale Italia. 13. 26900 Lodi LO,45.3020657,9.5096202,Bar Magna
Pizzeria Smeraldo,30,4.6,Viale Italia. 88. 26900 Lodi LO,45.2984418,9.5134875,Restaurant Magna
Paradise,32,4.8,Via Nino dall'Oro. 47. 26900 Lodi LO,45.3091581,9.4997644,Bar Magna
Bar Davide,40,4.1,Corso Adda. 94. 26900 Lodi LO,45.3170604,9.507051,Bar Magna
I Love Poke Lodi,41,4.2,Piazza della Vittoria. 8. 26900 Lodi LO,45.3139112,9.5031059,Poke bar Magna
La Piadineria,43,4,SS 9 Via Emilia. 2. 26836 Montanaso Lombardo LO,45.3253072,9.4592384,Fast food restaurant.Family restaurant.Health food restaurant.Italian restaurant.Takeout restaurant.Restaurant.Small plates restaurant.Traditional restaurant Magna
Smoothcafè,44,4.1,Viale Savoia. 9D. 26900 Lodi LO,45.3151839,9.5110696,Espresso bar.Gastropub.Sandwich shop.Wine bar Magna
TOP CAFFÈ food & drink,44,4.5,Via San Bassiano. 1. 26900 Lodi LO,45.3118621,9.4974528,Restaurant.Bar Magna
Lodi Cafè,45,4.3,Viale Pavia. 14/b. 26900 Lodi LO,45.3077328,9.4964808,Espresso bar Magna
Bricchi Marco,48,4.5,Viale Piacenza. 39. 26900 Lodi LO,45.3003114,9.5146608,Espresso bar Magna
Buona Pizza,48,4.3,Via Secondo Cremonesi. 36. 26900 Lodi LO,45.3124895,9.5098396,Restaurant Magna
Bar Italia,51,4.3,Viale Italia. 84. 26900 Lodi LO,45.2987978,9.5130825,Bar Magna
Tadim,51,3.9,Via Borgo Adda. 80. 26900 Lodi LO,45.3150685,9.5118342,Restaurant Magna
Felice Angelo,56,4.4,Via Fratelli Lupi. 1. 26900 Lodi LO,45.3227997,9.5124334,Bar Magna
Bar Ex P.O.,60,4.6,Via Filiberto Villani. 26900 Lodi LO,45.3090635,9.5034682,Bar Magna
Holy Cow Home Restaurant,65,4.8,Strada Per. 26854 Pieve Fissiraga LO,45.2811689,9.4540397,Steak house Magna
New Bar,68,4,Via Tiziano Zalli. 34. 26900 Lodi LO,45.3038983,9.5045199,Bar Magna
Zii Gaetano,69,4,Via Tiziano Zalli. 24. 26900 Lodi LO,45.3038838,9.5051167,Pizza restaurant.Restaurant Magna
The Lab - Drink&Play,70,4.9,Via Guido Rossa. 12. 26900 Lodi LO,45.2988412,9.4977655,Bar.Game store.Night club.Toy library Magna
Bar 168,71,4.1,Viale Italia. 65. 26900 Lodi LO,45.3003971,9.5118568,Bar Magna
What's Cup?,75,4.5,Via Nino dall'Oro. 4b. 26900 Lodi LO,45.3100652,9.5009843,Takeout restaurant.Bagel shop.Cafeteria.Cake shop.Catering food and drink supplier.Caterer.Dessert restaurant.Grocery store.Meal delivery Magna
I Ravioli dell'Oste,77,4.9,Via Francesco Gabba. 10. 26900 Lodi LO,45.3142622,9.5012272,Restaurant.Food manufacturer.Pasta shop Magna
Pizzeria Delfino da asporto di Esposito Gaetano,79,4.4,Via Felice Cavallotti. 33. 26900 Lodi LO,45.3226753,9.5123378,Pizza restaurant Magna
ilSettantuno Ludopub,81,4.8,Via Lodino. 71. 26900 Lodi LO,45.3168982,9.5057044,Pub.Bar.Game store.Gay bar.Hamburger restaurant Magna
Ristopizza Revellino,81,4.5,Via Felice Cavallotti. 4. 26900 Lodi LO,45.3204743,9.5103208,Pizza restaurant Magna
Bar Cavour,82,4.6,Via Cavour. 25. 26900 Lodi LO,45.313919,9.5040112,Restaurant.Cocktail bar.Bar Magna
Ex icaro Cafè ora Orchidea,85,4.3,Viale Rimembranze. 38. 26900 Lodi LO,45.3055312,9.5065103,Espresso bar.Bar Magna
Bar tabacchi la siesta,86,4.5,V.le Genova. 6. 26900 Lodi LO,45.321898,9.4883314,Bar tabac Magna
Ethos Cafè,87,4.6,LO. Corso Vittorio Emanuele II. 48. 26900 Lodi LO,45.3131286,9.5006512,Bar Magna
Mabi's S.n.c.,90,4.4,Via del Pulignano. 2. 26900 Lodi LO,45.3200627,9.4835397,Bar Magna
Ristorante A Modo Mio,90,4.5,Via Selvagreca. 20. 26900 Lodi LO,45.3097919,9.5107886,Restaurant Magna
Mistral Cafe',95,4.3,Piazzale Fiume.angolo. Via Acquedotto. 26900 Lodi LO,45.3115234,9.4979343,Bar tabac.Southern Italian restaurant.Tobacco shop Magna
Matiz,96,4.5,Via Michele e Pier Giacomo. Via Fratelli Sartorio. 5. 26900 Lodi LO,45.3131482,9.4888995,Espresso bar.Bar Magna
R&d cafè lodi,96,4.5,Via della Codignola. 19/21. 26900 Lodi LO,45.323905,9.514318,Bar.Video arcade Magna
IQOS RESELLER - Roxy Bar Di Cremonesi Massimo. Lodi,108,4.5,Via Antonio Lombardo. 6. 26900 Lodi LO,45.3062204,9.4999864,Bar tabac.Bar Magna
Pizzeria Kairos,109,4.4,Viale Dalmazia. 7. 26900 Lodi LO,45.3128045,9.4975241,Pizza restaurant.Restaurant Magna
A Modo Mio,111,3.6,Via Emilia. 2. 26836 Montanaso Lombardo LO,45.3244583,9.4593754,Pizza restaurant Magna
ardis cafè,112,4.5,Via Felice Cavallotti. 44 A. 26900 Lodi LO,45.3227847,9.5128199,Cafe Magna
Osteria Del Rugantino,114,4,Via del Capanno. 43. 26900 Lodi LO,45.3251648,9.491635,Restaurant Magna
Le Dolci Delizie Bistrot Di Megna Marilena,120,4.5,Viale Piacenza. 48. 26900 Lodi LO,45.2991871,9.5148425,Bar Magna
Sfizio Misto Caffetteria Fast Food,120,4.6,Via Incoronata. 5. 26900 Lodi LO,45.3144285,9.502282,Bar & grill.Cafeteria.Fast food restaurant.Hamburger restaurant Magna
ART Cafe' S.A.S. Di Fasoli Luca &C.,121,4.6,Via Lodivecchio. 7. 26900 Lodi LO,45.3117502,9.4912602,Bar Magna
Bar La Gatta,124,4.4,Corso Giuseppe Mazzini. 98. 26900 Lodi LO,45.3045962,9.5088101,Bar Magna
Bar Caffe' Marino,127,4.5,Via Camillo Benso Conte di Cavour. 46. Via Volturno. 19. 26900 Lodi LO,45.3144154,9.5051589,Bar tabac.Bar Magna
Maracuja Frullateria Bar,130,4.6,Via Ottone Morena. 8. 26900 Lodi LO,45.3124107,9.5006329,Bar Magna
Bar Valente,144,4.4,Via Aldo Moro. 48. 26900 Lodi LO,45.3002757,9.4957846,Bar.Tobacco shop Magna
Hotel ristorante Castello,144,4,Piazza Castello. 2. 26900 Lodi LO,45.312563,9.499995,Restaurant.Bed & breakfast.Extended stay hotel.Italian restaurant.Hotel Magna
La Fortuna,149,4.2,Via San Bassiano. 17/a. 26900 Lodi LO,45.3119932,9.4966514,Chinese takeaway.Chinese restaurant Magna
Bar Pasticceria Tabaccheria Masseroni,152,4.5,Corso Roma. 84. 26900 Lodi LO,45.3122695,9.5043173,Bar Magna
PokeBon | Hawaiian poke a Lodi,155,4.4,Via Sant'Angelo. 10. 26900 Lodi LO,45.3057219,9.4997222,Poke bar Magna
Il Datterino Di Bendaj Baci,157,4.4,Via S. Giacomo. 9. 26900 Lodi LO,45.3166366,9.5070889,Pizza restaurant Magna
Bar Seven,161,3.8,Via Walter Tobagi. 4. 26900 Lodi LO,45.300335,9.4994586,Bar Magna
Vikand - Birreria & Gineria,175,4,Piazza della Vittoria. N.36. 26900 Lodi LO,45.3137095,9.5020314,Beer hall.Bar & grill.Cocktail bar.Espresso bar.Fast food restaurant.Hamburger restaurant.Pub Magna
Pizza Channel,201,3.9,Viale Pavia. 58. 26900 Lodi LO,45.3050211,9.4906838,Pizza delivery.Pizza restaurant Magna
Napoli in Pizza - Pizzeria Napoletana da Asporto,203,4.7,Via Cavour. 48. 26900 Lodi LO,45.3144753,9.5053245,Pizza restaurant Magna
Pizzeria mani in pasta,203,4.7,Via Giovanni Carnovali. 8. 26900 Lodi LO,45.3004717,9.5166456,Pizza restaurant Magna
Fiaschetteria Lodi,205,4.4,Via Volturno. 33. 26900 Lodi LO,45.3142015,9.5053349,Wine bar Magna
Fashion Cafè,208,4.1,Viale Pavia. 22. 26900 Lodi LO,45.3066326,9.4944734,Espresso bar.Bar Magna
Pizzeria Armandino,211,4,Via Marsala. 94. 26900 Lodi LO,45.3104149,9.5048923,Pizza restaurant.Italian restaurant Magna
FER - Forneria Artigiana,216,4.6,Via Marsala. 38. 26900 Lodi LO,45.311962,9.5034105,Pizza restaurant.Bakery.Pastry shop Magna
Desigual Cafè & Restaurant,233,4,Via Codognino. 26854 Cornegliano Laudense LO,45.2892135,9.4730847,Pizza restaurant.Restaurant Magna
Green Corner Ristorante Vineria,239,4.5,Via Borgo Adda. 1. 26900 Lodi LO,45.3175353,9.5078817,Restaurant.Vegan restaurant Magna
AL SAZIO Ristorante,256,4.3,Via Volturno. 27. 26900 Lodi LO,45.3143416,9.5052852,Restaurant Magna
Dal baffo,258,3.6,Via Vecchia Cremonese. 2. 26900 Lodi LO,45.3044729,9.5094405,Pizza restaurant.Beer hall.Pizza delivery.Restaurant.Small plates restaurant Magna
The Noble,260,4.5,Via Sant'Angelo. 1. 26900 Lodi LO,45.3053851,9.5015896,Restaurant Magna
Volpi F.Lli,267,4.7,Viale Pavia. 35. 26900 Lodi LO,45.3042379,9.4898992,Bakery.Pastry shop Magna
Mod Sushi Restaurant,271,4.1,Piazzale 3 Agosto. 26900 Lodi LO,45.3180923,9.4987764,Sushi restaurant.Night club Magna
Osteria del Capanno,273,4,Via Castelfidardo. 17. 26900 Lodi LO,45.3110747,9.5021042,Restaurant.Italian restaurant.Seafood restaurant Magna
Piadineria #Piadatime,273,4.4,Via Giuseppe Saragat. 29. 26900 Lodi LO,45.3012132,9.4955609,Fast food restaurant Magna
Biffino Bistrot,278,4,Corso Roma. 163. 26900 Lodi LO,45.3102448,9.5064245,Bar.Agricultural production.Deli Magna
Tadim Istanbul Pizzeria-Kebap,279,4.2,Via Sant'Angelo. 8. 26900 Lodi LO,45.3057121,9.4998672,Restaurant.Kebab shop.Pizza restaurant Magna
La Petite Mondina,286,4.6,Via Marsala. 33. 26900 Lodi LO,45.3123605,9.5033068,Restaurant.Italian restaurant Magna
La Piadineria,307,4.2,Via San Bassiano. 19. 26900 Lodi LO,45.3119826,9.4965044,Fast food restaurant.Family restaurant.Health food restaurant.Italian restaurant.Takeout restaurant.Restaurant.Small plates restaurant.Traditional restaurant Magna
Osteria Vecchia Lodi Di Clerici Francesca,321,4.1,Via Lago di Garda. 21. 26900 Lodi LO,45.3108002,9.5150777,Italian restaurant.Lombardian restaurant Magna
Atypical #drinkfoodandmore,325,4.3,Viale Pavia. 2. 26900 Lodi LO,45.3086315,9.4982288,Restaurant.Small plates restaurant Magna
Calicantus Food,351,3.9,Corso Giuseppe Mazzini. 18. 26900 Lodi LO,45.3087829,9.5062458,Pizza restaurant.Restaurant Magna
Osteria la Tarantola,351,4,Strada provinciale. 26834 Cadilana LO,45.3341064,9.5422344,Restaurant Magna
Mena Mè Salento Bistrot,360,4.1,Corso Giuseppe Mazzini. 64. 26900 Lodi LO,45.3069989,9.5072402,Pizza restaurant.Bistro.Pizza delivery.Pizza takeaway Magna
Al Trentaduecafè,365,3.8,Piazza Castello. 32. 26900 Lodi LO,45.3127613,9.4999558,Bar Magna
i-sushi 中餐 寿司 亚洲风味,381,4.2,Viale Dalmazia. 7. 26900 Lodi LO,45.3129639,9.4975607,Sushi restaurant Magna
La Piazzetta Bistrò,381,4.1,Via Giuseppe Garibaldi. 48. Piazza San Lorenzo. 6. 26900 Lodi LO,45.3123008,9.5009965,Bar Magna
21/23 Vineria,389,4.1,Corso Giuseppe Mazzini. 21. 26900 Lodi LO,45.308906,9.5066898,Restaurant.Wine bar Magna
Agripizza,395,4.1,Viale Milano. 95. 26900 Lodi LO,45.3214806,9.4824853,Pizza restaurant.Restaurant Magna
Fuorilodi S.A.S.,395,4.4,Via Antonino Caponnetto Magistrato. 26900 Lodi LO,45.3269444,9.5169444,Restaurant Magna
Pizzeria Ristorante Grotta Azzurra,410,3.9,Via Volturno. 17. 26900 Lodi LO,45.3144899,9.5050125,Pizza restaurant.Italian restaurant Magna
Haiku Fusion Restaurant,422,4.3,Viale Dalmazia. 4. 26900 Lodi LO,45.3133333,9.4983333,Asian fusion restaurant.Chinese restaurant.Japanese restaurant.Pan-Asian restaurant.Seafood restaurant.Sushi restaurant Magna
Il Pomodoro Pelato,438,4.5,Piazza Mercato. 26900 Lodi LO,45.3146195,9.5043091,Pizza restaurant Magna
Kanpai Sushi Restaurant,439,4.3,Via Gandhi. 1. 26817 San Martino in Strada LO,45.2833512,9.5370059,Sushi restaurant Magna
Ristorante Alta Marea,461,4.3,Via Walter Tobagi. 8. 26900 Lodi LO,45.29995,9.4996,Restaurant.Pizza restaurant Magna
Tadim Kebab Pizzeria,463,4.1,Viale Trento e Trieste. 17. 26900 Lodi LO,45.3092578,9.4992451,Kebab shop.Fast food restaurant.Pizza restaurant Magna
Officine Adda,477,3.9,Via Sant'Angelo. 11. 26900 Lodi LO,45.3052778,9.4997222,Bar Magna
Ristorante Pizzeria San Carlo,499,4.1,Via Felice Cavallotti. 60. 26900 Lodi LO,45.3255113,9.5151498,Restaurant.Pizza restaurant.Seafood restaurant Magna
Gaffurio,539,4.3,Via Gaffurio. 11. 26900 Lodi LO,45.3133805,9.5041076,Restaurant.Italian restaurant.Mediterranean restaurant Magna
Piadineria La Delizia,541,4.6,Piazzale Fiume. 10. 26900 Lodi LO,45.3115653,9.4976622,Fast food restaurant Magna
Pizzeria Genovese 2,566,4.3,Via del Chiosino. 8. 26900 Lodi LO,45.3075714,9.4834051,Pizza restaurant.Restaurant Magna
The Bridge Pub,567,4.3,Via X Maggio. 6. 26900 Lodi LO,45.3177012,9.5076907,Pub Magna
Pizzeria Il Pirata,568,3.9,Via Gerolamo Cavezzali. 2. 26900 Lodi LO,45.3134117,9.4974002,Pizza restaurant.Beer hall.Pizza delivery.Restaurant Magna
Caffè Letterario,578,4.1,Via Tito Fanfulla. 3. 26900 Lodi LO,45.3160301,9.5044238,Mediterranean restaurant.Coffee shop Magna
Il rondò antica osteria con pizza e scrocchia,587,4.1,Via Felice Cavallotti. 28. 26900 Lodi LO,45.3211097,9.5110807,Restaurant Magna
Ristorante Koora Sushi,590,4.3,Viale Piacenza. 40. 26900 Lodi LO,45.2999922,9.5140033,Sushi restaurant.Restaurant Magna
Kokoro Sushi Restaurant,594,4.4,Via Defendente Lodi. 80. 26900 Lodi LO,45.3184305,9.4990579,Asian fusion restaurant.Asian restaurant.Chinese restaurant.Fusion restaurant.Japanese restaurant.Seafood restaurant.Sushi restaurant.Tempura restaurant Magna
Osteria per Bacco Lodi,597,4.4,Cascina Cavrigo. 35. 26900 Lodi LO,45.2937488,9.5227942,Restaurant.Italian restaurant.Seafood restaurant Magna
Pizzeria Castello,611,4.4,Piazza Castello. 4. 26900 Lodi LO,45.3125104,9.4998714,Pizza restaurant.Historical place Magna
Ristorante Megu,613,4,Viale Piacenza. 40. 26900 Lodi LO,45.2998581,9.5141459,Chinese restaurant.Japanese restaurant.Restaurant.Seafood restaurant.Sushi restaurant Magna
The River Saloon,622,4.3,8FQX+23M. 26900 Lodi LO,45.3373559,9.4977953,Restaurant Magna
ENORAFO,624,4.2,Piazza della Vittoria. 47. 26900 Lodi LO,45.3143311,9.5018558,Tapas bar.Restaurant.Wine bar Magna
ReB by ReBasilico,633,3.9,Via S. Fereolo. 54. 26900 Lodi LO,45.3039712,9.4890024,Pizza restaurant Magna
Ristorante Isola Caprera,699,4.1,Via Isola Caprera. 14. 26900 Lodi LO,45.31633,9.51208,Italian restaurant Magna
Vasinikò,717,3.7,Corso Umberto I. 60. 26900 Lodi LO,45.3156012,9.5048055,Pizza restaurant Magna
Future Fusion,718,4.4,Via Pietro Ferrabini. 5. 26900 Lodi LO,45.3208726,9.5089011,Japanese restaurant.Bar.Mediterranean restaurant.Seafood restaurant.Sushi restaurant Magna
KM 298,720,4.4,Strada statale 9 al km298 26900. 26900 Lodi LO,45.3046006,9.481463,Pub Magna
Ristorante Pizzeria San Fereolo srl,727,4.1,Via S. Fereolo. 32. 26900 Lodi LO,45.3061624,9.4859881,Pizza restaurant.Seafood restaurant Magna
Al Portico Dei Pensieri,756,3.8,Piazza della Vittoria. 22. 26900 Lodi LO,45.3135489,9.5025409,Restaurant.Chophouse restaurant.Hamburger restaurant.Pizza restaurant Magna
Pizzeria Pane e Farina,768,3.8,Viale Italia. 60. 26900 Lodi LO,45.2998504,9.5120583,Pizza restaurant Magna
Gelateria Puro & Bio Lodi,769,4.5,Via Acquedotto. 3. 26900 Lodi LO,45.3115476,9.4980991,Ice cream shop.Chocolate artisan.Creperie.Delivery service.Frozen yogurt shop Magna
Quartiere Latino,803,4.1,Viale Tigli. 3. 26900 Lodi LO,45.3060806,9.4944361,Tex-Mex restaurant.American restaurant.Mexican restaurant Magna
La Coldana,811,4.3,via del costino. Cascina Coldana. 26900 Lodi LO,45.3041215,9.5176123,Fine dining restaurant.Italian restaurant Magna
Caffè Nazionale,848,3.9,Piazza della Vittoria. 44. 26900 Lodi LO,45.3140609,9.5020443,Restaurant.Cafeteria.Cake shop.Pizza restaurant.Wine bar Magna
Wellington Pub,852,4.5,Via Felice Cavallotti. 17. 26900 Lodi LO,45.321162,9.510654,Pub Magna
Ristorante La Muraglia Cinese,855,4.2,Viale Milano. 90. 26900 Lodi LO,45.3236122,9.4635935,Restaurant Magna
Trattoria Torretta,888,4.1,Piazza Angelo Maria Sommariva. 4. 26900 Lodi LO,45.3207564,9.4831666,Restaurant Magna
Fontana,982,3.8,Viale Torino. 1. 26900 Lodi LO,45.3217117,9.4860835,Restaurant.Italian restaurant.Pizza restaurant.Seafood restaurant Magna
Birreria Nuovo Faro,1259,4.1,Via del Capanno. s.n.c. 26900 Lodi LO,45.3278007,9.4879179,Restaurant.American restaurant.Hamburger restaurant.Pizza restaurant.Pub.Sandwich shop Magna
Burger King,1405,3.6,Viale Pavia. 98. 26900 Lodi LO,45.302766,9.4870124,Hamburger restaurant Magna
Fuori Modena,1441,4.2,Via Mosè Bianchi. 26900 Lodi LO,45.3162857,9.5137548,Restaurant Magna
Hong Kong,1487,4.2,V.le Genova. 6. 26900 Lodi LO,45.3218155,9.4882259,Sushi restaurant.Chinese restaurant.Japanese restaurant.Meal delivery.Sushi takeaway Magna
McDonald's Lodi Tangenziale Est,2349,4,Nuova Tang. Est. 26900 Lodi LO,45.3009086,9.5227816,Fast food restaurant.Breakfast restaurant.Hamburger restaurant.Restaurant Magna
